-- phpMyAdmin SQL Dump
-- version 4.5.1
-- http://www.phpmyadmin.net
--
-- Host: 127.0.0.1
-- Generation Time: Apr 30, 2016 at 02:50 PM
-- Server version: 10.1.13-MariaDB
-- PHP Version: 5.6.20

SET SQL_MODE = "NO_AUTO_VALUE_ON_ZERO";
SET time_zone = "+00:00";


/*!40101 SET @OLD_CHARACTER_SET_CLIENT=@@CHARACTER_SET_CLIENT */;
/*!40101 SET @OLD_CHARACTER_SET_RESULTS=@@CHARACTER_SET_RESULTS */;
/*!40101 SET @OLD_COLLATION_CONNECTION=@@COLLATION_CONNECTION */;
/*!40101 SET NAMES utf8mb4 */;

--
-- Database: `meghbela_lcn_db`
--

-- --------------------------------------------------------

--
-- Table structure for table `auth_tb`
--

CREATE TABLE `auth_tb` (
  `user` varchar(255) NOT NULL,
  `pass` varchar(255) NOT NULL
) ENGINE=InnoDB DEFAULT CHARSET=latin1;

--
-- Dumping data for table `auth_tb`
--

INSERT INTO `auth_tb` (`user`, `pass`) VALUES
('admin', 'admin123');

-- --------------------------------------------------------

--
-- Table structure for table `channel_tb`
--

CREATE TABLE `channel_tb` (
  `sid` int(8) NOT NULL,
  `channel` varchar(255) NOT NULL,
  `lcn` int(5) NOT NULL,
  `lcnhex` varchar(255) NOT NULL
) ENGINE=InnoDB DEFAULT CHARSET=latin1;

--
-- Dumping data for table `channel_tb`
--

INSERT INTO `channel_tb` (`sid`, `channel`, `lcn`, `lcnhex`) VALUES
(10101, 'ROYAL TV', 612, '02 64'),
(10105, 'TEST SIGNAL6', 652, '02 8C'),
(10106, 'NOW', 574, '02 3E'),
(10107, 'TEST SIGNAL5', 653, '02 8D'),
(10108, 'TEST SIGNAL4', 654, '02 8E'),
(10109, 'TEST3 SIGNAL', 651, '02 8B'),
(10201, 'Zee BANGLA CINEMA', 112, '00 70'),
(10202, 'STAR CJ.COM', 358, '01 66'),
(10203, 'ZEE CINEMA', 3, '00 03'),
(10204, 'Etv Urdu', 486, '01 E6'),
(10205, 'ZEE BUSINESS', 207, '00 CF'),
(10206, 'ZEE MARATHI', 511, '01 FF'),
(10207, 'ZEE ACTION', 8, '00 08'),
(10208, 'ZEE CLASSIC', 12, '00 0C'),
(10209, 'ZEE CAFE', 256, '01 00'),
(10210, 'PEACE OF MIND', 399, '01 8F'),
(10302, 'ETC BOLLYWOOD', 67, '00 43'),
(10303, 'HOME TV', 11, '00 0B'),
(10304, 'Manoranjan Tv', 16, '00 10'),
(10305, 'MSC PREMIER', 115, '00 73'),
(10306, 'ENTER 10', 20, '00 14'),
(10307, 'B4U MUSIC', 454, '01 C6'),
(10308, 'DD KISHAN', 72, '00 48'),
(10309, 'GEMINI NEWS', 587, '02 4B'),
(10310, 'INDIA TODAY', 169, '00 A9'),
(10311, 'MOVIE OPERA', 1, '00 01'),
(10701, 'ZEE TV', 44, '00 2C'),
(10702, 'ZEE BANGLA', 82, '00 52'),
(10703, 'ETV TELEGU', 517, '02 05'),
(10704, 'STAR SPORTS 3', 130, '00 82'),
(10705, 'NAT GEO', 321, '01 41'),
(10706, 'NAT GEO WILD', 323, '01 43'),
(10707, 'COLORS INFINITY', 251, '00 FB'),
(10708, 'LIFE OK', 42, '00 2A'),
(10709, 'STAR VIJAY', 483, '01 E3'),
(10710, 'STAR WORLD', 250, '00 FA'),
(10711, 'STAR MOVIES', 289, '01 21'),
(10712, 'CHANNEL V', 51, '00 33'),
(10801, 'SONY', 46, '00 2E'),
(10802, 'SONY PIX', 291, '01 23'),
(10803, 'SONY MAX', 6, '00 06'),
(10804, 'SONY SAB', 47, '00 2F'),
(10805, 'DISCOVERY KIDS', 408, '01 98'),
(10806, 'DD MALAYALAM', 534, '02 16'),
(10807, 'STAR PLUS', 41, '00 29'),
(10808, 'ABP NEWS', 229, '00 E5'),
(10809, 'NAT GEO PEOPLE', 325, '01 45'),
(10810, 'STAR JALSHA', 81, '00 51'),
(10811, 'ABP ANANDA', 150, '00 96'),
(10812, 'STAR GOLD', 2, '00 02'),
(10813, 'STAR SPORTS 1', 126, '00 7E'),
(10814, 'INDIA 24*7', 223, '00 DF'),
(10901, 'DISCOVERY', 326, '01 46'),
(10902, 'TLC', 353, '01 61'),
(10903, 'ANIMAL PLANET', 328, '01 48'),
(10904, 'CTVN AKD PLUS', 93, '00 5D'),
(10905, 'CN NEWS', 153, '00 99'),
(10906, 'R PLUS', 156, '00 9C'),
(10907, 'NEWS TIME', 154, '00 9A'),
(10908, 'OSCAR MOVIES', 605, '02 5D'),
(10909, 'SRISTI PLUS', 103, '00 67'),
(10910, 'FASHION TV', 357, '01 65'),
(10911, 'MASTII', 464, '01 D0'),
(10912, 'DY 365', 547, '02 23'),
(10913, 'MUSIC EXPRESS', 457, '01 C9'),
(11001, 'M TUNES', 458, '01 CA'),
(11003, 'Disney XD', 405, '01 95'),
(11004, 'Disney', 404, '01 94'),
(11005, 'DD NATIONAL', 64, '00 40'),
(11006, 'DD NEWS', 224, '00 E0'),
(11007, 'DD SPORTS', 141, '00 8D'),
(11008, 'DD INDIA', 331, '01 4B'),
(11009, 'Star Movies Action', 293, '01 25'),
(11010, 'FX', 254, '00 FE'),
(11011, 'Movies Ok', 4, '00 04'),
(11013, 'AASTHA BHAJAN', 383, '01 7F'),
(11014, 'B4U MOVIES', 15, '00 0F'),
(11015, 'UTV BINDAS', 52, '00 34'),
(11101, 'TEZ', 233, '00 E9'),
(11102, 'AAJ TAK', 226, '00 E2'),
(11104, 'CNN', 168, '00 A8'),
(11105, 'ZEE TALKIES', 507, '01 FB'),
(11106, 'TAAZA TV', 238, '00 EE'),
(11107, 'DD LOKSABHA', 231, '00 E7'),
(11109, 'DANGAL', 550, '02 26'),
(11110, 'BHOJPURI CINEMA', 553, '02 29'),
(11111, 'JAYA TV', 599, '02 57'),
(11112, '9XM', 434, '01 B2'),
(11113, 'AASTHA', 381, '01 7D'),
(11114, 'NEWS 24', 234, '00 EA'),
(11115, 'RISHTEY', 50, '00 32'),
(11116, 'TOONAMI', 413, '01 9D'),
(11117, 'CINEMA TV', 13, '00 0D'),
(11202, 'THE AFRICAN CHANNEL', 342, '01 56'),
(11203, 'BINDAS PLAY', 462, '01 CE'),
(11205, 'NEWS X', 173, '00 AD'),
(11206, 'STAR UTSAV', 56, '00 38'),
(11207, 'MH1 MUSIC', 461, '01 CD'),
(11208, 'ASIANET', 481, '01 E1'),
(11209, 'Al Jazeera International', 171, '00 AB'),
(11211, 'Joo Music', 459, '01 CB'),
(11212, 'DILLAGI', 71, '00 47'),
(11214, 'HOMESHOP 18', 355, '01 63'),
(11215, 'E24', 68, '00 44'),
(11216, 'JALSHA MOVIES', 111, '00 6F'),
(11217, 'TRAVEL XP HD', 365, '01 6D'),
(11218, 'BANGLA TIME', 159, '00 9F'),
(11301, 'DISCOVERY SCIENCE', 327, '01 47'),
(11302, 'SONY AATH', 113, '00 71'),
(11303, 'SONY SIX', 128, '00 80'),
(11304, 'NEO Prime', 133, '00 85'),
(11305, 'AXN', 252, '00 FC'),
(11306, 'ANIMAX', 414, '01 9E'),
(11307, 'SONY MIX', 432, '01 B0'),
(11308, 'NEO Sports', 131, '00 83'),
(11309, 'NDTV 24x7', 170, '00 AA'),
(11310, 'NG MUSIC', 435, '01 B3'),
(11311, 'POGO', 412, '01 9C'),
(11312, 'DISCOVERY TURBO', 352, '01 60'),
(11401, 'BBC World', 172, '00 AC'),
(11402, 'WB', 296, '01 28'),
(11403, 'Cartoon Network', 411, '01 9B'),
(11404, 'HUNGAMA', 402, '01 92'),
(11405, 'HIstory TV 18', 322, '01 42'),
(11406, 'CNBC Awaz', 206, '00 CE'),
(11407, 'IBN Lokmat', 232, '00 E8'),
(11408, 'ETV Oriya', 490, '01 EA'),
(11409, 'ITV CHOICE', 262, '01 06'),
(11410, 'Colors', 43, '00 2B'),
(11411, 'STAR SPORTS 4', 129, '00 81'),
(11412, 'HBO', 294, '01 26'),
(11413, 'MTV', 431, '01 AF'),
(11501, 'Vh1', 473, '01 D9'),
(11502, 'NICK', 401, '01 91'),
(11503, 'SONIC', 403, '01 93'),
(11504, 'COLORS BANGLA', 83, '00 53'),
(11505, 'IBN 7', 222, '00 DE'),
(11506, 'COLORS Gujrati', 497, '01 F1'),
(11507, 'CNBC TV18', 166, '00 A6'),
(11508, '35 MM', 382, '01 7E'),
(11509, 'NDTV PROFIT', 208, '00 D0'),
(11510, 'NDTV INDIA', 227, '00 E3'),
(11511, 'NDTV GOODTIMES', 354, '01 62'),
(11512, 'STAR Prabah', 505, '01 F9'),
(11513, 'FOX Life', 351, '01 5F'),
(11601, 'Star SUVARNA', 484, '01 E4'),
(11602, 'Asianet Plus', 482, '01 E2'),
(11603, 'Zee Studio', 292, '01 24'),
(11604, '9xO', 476, '01 DC'),
(11605, 'Zee tv Tamil', 590, '02 4E'),
(11606, 'Zee Salaam', 489, '01 E9'),
(11607, 'ZINDAGI', 55, '00 37'),
(11608, 'Zee News', 225, '00 E1'),
(11609, 'Zee Smile', 61, '00 3D'),
(11610, 'Zing', 456, '01 C8'),
(11611, 'RUPASHI BANGLA', 90, '00 5A'),
(11612, 'ASEERVATHAM TV', 386, '01 82'),
(11613, 'DISHA TV', 387, '01 83'),
(11614, 'SANGEET BANGLA', 98, '00 62'),
(11615, 'MAHUAA TV', 555, '02 2B'),
(11616, 'FOOD FOOD', 359, '01 67'),
(11701, 'BLOOMBERG TV', 176, '00 B0'),
(11702, 'TEN CRICKET', 134, '00 86'),
(11703, 'TEN ACTION +', 135, '00 87'),
(11704, 'TEN SPORTS', 136, '00 88'),
(11705, 'BABY TV', 410, '01 9A'),
(11706, 'BIG MAGIC', 65, '00 41'),
(11707, 'BIG THRILL', 263, '01 07'),
(11708, 'BIG MAGIC GANGA', 549, '02 25'),
(11709, 'TARANG', 491, '01 EB'),
(11710, 'TARANG PARTHANA', 391, '01 87'),
(11711, 'TARANG MUSIC', 492, '01 EC'),
(11712, 'MUSIC INDIA', 460, '01 CC'),
(11801, 'FM GOLD', 1002, '03 EA'),
(11802, 'FM RAINBOW', 1003, '03 EB'),
(11803, 'AIR HINDI', 1004, '03 EC'),
(11804, 'AIR BANGLA', 1005, '03 ED'),
(11805, 'NHK WORLD', 343, '01 57'),
(11806, 'UTV MOVIES', 9, '00 09'),
(11807, 'COMEDY CENTRAL', 253, '00 FD'),
(11808, 'UTV ACTION', 19, '00 13'),
(11809, 'ZEE KALINGA', 526, '02 0E'),
(11810, 'INDIA TV', 236, '00 EC'),
(11811, 'LIVE INDIA', 237, '00 ED'),
(11813, 'SVBC Telegu', 392, '01 88'),
(11814, 'SUHUBHSANDESH', 339, '01 53'),
(11815, 'MTV INDIES', 433, '01 B1'),
(11816, 'SANSKAR', 393, '01 89'),
(11817, 'AIR Ragam', 1006, '03 EE'),
(11818, 'FM Rainbow Banglore', 1007, '03 EF'),
(11819, 'AIR Urdu', 1008, '03 F0'),
(11820, 'AIR Oriya', 1009, '03 F1'),
(11821, 'AIR Malayalam', 1010, '03 F2'),
(11822, 'AIR Assamese', 1011, '03 F3'),
(11823, 'FM Rainbow Chennai', 1012, '03 F4'),
(11824, 'FM Gold Mumbai', 1013, '03 F5'),
(11825, 'Radio Kashmir', 1014, '03 F6'),
(11826, 'GYANVANI', 1015, '03 F7'),
(11827, 'AIR N E', 1016, '03 F8'),
(11828, 'AIR PUNJABI', 1017, '03 F9'),
(11829, 'AIR GUJRATI', 1018, '03 FA'),
(11830, 'AIR VBS', 1019, '03 FB'),
(11831, 'AIR TELUGU', 1020, '03 FC'),
(11832, 'AIR MARATHI', 1021, '03 FD'),
(11833, 'AIR TAMIL', 1022, '03 FE'),
(11901, '9X JALWA', 436, '01 B4'),
(11902, '9X TASHAN', 465, '01 D1'),
(11903, 'ZEE TELEGU', 527, '02 0F'),
(11904, 'SANGEET BHOJPURI', 552, '02 28'),
(11905, 'ABP MAJHA', 508, '01 FC'),
(11906, 'SONY KIX', 139, '00 8B'),
(11907, 'RT MOVIES', 22, '00 16'),
(11908, 'SONY PAL', 48, '00 30'),
(11909, 'SRI SANKARA', 394, '01 8A'),
(11910, 'BENGAL TODAY', 147, '00 93'),
(11911, 'PTC PUNJABI', 515, '02 03'),
(11912, 'ZEE KANADA', 533, '02 15'),
(11913, '9X JHAKAAS', 466, '01 D2'),
(11914, 'DISNEY JUNIOR', 409, '01 99'),
(15001, 'AND TV', 45, '00 2D'),
(15003, 'MAA MOVIES', 523, '02 0B'),
(15004, 'Channel ONE NEWS', 561, '02 31'),
(15005, 'Sudarshan TV', 400, '01 90'),
(15006, 'SAMAYA TV', 582, '02 46'),
(15007, 'NAAPTOL BLUE', 356, '01 64'),
(15008, 'SAMPARK TV', 14, '00 0E'),
(15009, 'Sahara NCR', 499, '01 F3'),
(15010, 'Sahara MUM', 600, '02 58'),
(15011, 'Sahara UP', 601, '02 59'),
(15012, 'Sahara BIH', 551, '02 27'),
(15013, 'Aalami Sahara', 487, '01 E7'),
(15014, 'Sahara MP', 602, '02 5A'),
(15101, 'FILMY', 17, '00 11'),
(15102, 'SAHARA ONE', 58, '00 3A'),
(15103, 'DISCOVERY ID', 69, '00 45'),
(15104, 'CNN News18', 167, '00 A7'),
(15105, 'STAR SPORTS 2', 127, '00 7F'),
(15106, 'FIRANGI', 18, '00 12'),
(15107, 'NICK JR', 407, '01 97'),
(15108, 'SUN TV', 584, '02 48'),
(15109, 'SIKSHA TV', 340, '01 54'),
(15110, 'ETV NEWS BANGLA', 146, '00 92'),
(15201, 'BOISHAKHI TV', 564, '02 34'),
(15202, 'REDE RECORD', 610, '02 62'),
(15203, 'CHANNEL 10', 155, '00 9B'),
(15204, 'RT HD', 622, '02 6E'),
(15205, 'MTV Indies HD', 478, '01 DE'),
(15206, '24 Ghanta', 152, '00 98'),
(15207, 'TV5', 257, '01 01'),
(15208, 'ETV BIHAR', 557, '02 2D'),
(15209, 'COLORS MARATHI', 506, '01 FA'),
(15210, 'Sahara NAT', 559, '02 2F'),
(22001, 'ZEE PUNJABI', 512, '02 00'),
(22003, 'PTC CHAK DE', 513, '02 01'),
(22004, 'PTC NEWS', 516, '02 04'),
(22005, 'CHANNEL_24', 567, '02 37'),
(22006, 'MOVIES NOW', 298, '01 2A'),
(22007, 'ET NOW', 174, '00 AE'),
(22008, 'TIMES NOW', 175, '00 AF'),
(22009, 'MOVIE HOUSE', 23, '00 17'),
(22010, 'BHAKTI', 385, '01 81'),
(22011, 'TV9 TELEGU', 521, '02 09'),
(22012, 'GYANDARSHAN-1', 615, '02 67'),
(22013, 'CARE WORLD', 334, '01 4E'),
(22101, 'KALAIGNAR TV', 581, '02 45'),
(22102, 'KALAIGNAR SEITHIGAL', 577, '02 41'),
(22103, 'KALAIGNAR ISAI ARUVI', 579, '02 43'),
(22104, 'KALAIGNAR SIRIPPOLI', 578, '02 42'),
(22105, 'KALAIGNAR CHITHIRAM', 580, '02 44'),
(22106, 'KALAIGNAR MURASU', 576, '02 40'),
(22107, 'KOLKATA TV', 148, '00 94'),
(22108, 'AAKASH AATH', 87, '00 57'),
(22109, 'CCTV 9', 570, '02 3A'),
(22110, 'MAA GOLD', 520, '02 08'),
(22111, 'ZOOM', 467, '01 D3'),
(22112, 'RISHTEY CINEPLEX', 10, '00 0A'),
(22113, 'WIN CHANNEL', 563, '02 33'),
(22114, 'SADHANA BANGLA', 160, '00 A0'),
(22201, 'DD CHANDANA', 509, '01 FD'),
(22202, 'DD GIRNAR', 498, '01 F2'),
(22203, 'DD URDU', 330, '01 4A'),
(22204, 'DD NORTH EAST', 543, '02 1F'),
(22205, 'DD PODHIGAI', 528, '02 10'),
(22206, 'DD PUNJABI ', 514, '02 02'),
(22207, 'DD SAHYADRI', 535, '02 17'),
(22208, 'DD SAPTAGIRI', 556, '02 2C'),
(22209, 'DD BANGLA', 88, '00 58'),
(22210, 'SATSANG', 390, '01 86'),
(22211, 'Hope Cannel Intl', 607, '02 5F'),
(22212, 'GLOBE TV', 104, '00 68'),
(22213, 'EWTN Africa India', 569, '02 39'),
(22301, 'CHANNEL VISION', 99, '00 63'),
(22302, 'EPIC TV', 53, '00 35'),
(22305, 'SRISTI TV ', 101, '00 65'),
(22306, 'SONAR BANGLA', 102, '00 66'),
(22307, 'DD RAJYA SABHA', 230, '00 E6'),
(22308, 'DD BIHAR', 70, '00 46'),
(22309, 'DD UTTAR PRADESH', 62, '00 3E'),
(22310, 'DD MADHYA PRADESH', 63, '00 3F'),
(22311, 'DD KASHIR ', 488, '01 E8'),
(22312, 'DD RAJASTHAN', 66, '00 42'),
(22313, 'TEST SIGNAL MPEG4', 608, '02 60'),
(22501, 'GOD Tv Asia', 261, '01 05'),
(22502, 'ETV ANDHRA', 518, '02 06'),
(22503, 'DHOOM MUSIC', 97, '00 61'),
(22504, 'BIJOY TV', 565, '02 35'),
(22505, 'KungFu', 264, '01 08'),
(22506, 'BBC English News', 1001, '03 E9'),
(22507, 'SAAM TV', 228, '00 E4'),
(22508, 'LEMON TV', 248, '00 F8'),
(22509, 'TEST2 SIGNAL', 650, '02 8A'),
(22510, 'MAA MUSIC', 525, '02 0D'),
(22511, 'DD ORIYA', 496, '01 F0'),
(22513, 'MI-MARATHI', 510, '01 FE'),
(22514, 'DIVYA', 389, '01 85'),
(22515, 'LIVING FOODZ', 366, '01 6E'),
(22516, 'ZEE Q', 406, '01 96'),
(22601, 'MH1 NEWS', 239, '00 EF'),
(22602, 'TOTAL TV', 246, '00 F6'),
(22603, 'ZEE 24 TAAS', 240, '00 F0'),
(22604, 'NAT GEO BENGALI', 344, '01 58'),
(22605, 'KHUSBOO TV', 242, '00 F2'),
(22606, 'NEPAL 1', 568, '02 38'),
(22607, 'JAIN TV', 395, '01 8B'),
(22608, 'MH1 SHRADDHA', 396, '01 8C'),
(22609, 'HBN', 363, '01 6B'),
(22610, 'EXPRESS ENTERTAINMENT', 57, '00 39'),
(22611, 'MANORANJAN MUSIC', 468, '01 D4'),
(22612, 'SHOPPING ZONE', 364, '01 6C'),
(22613, 'MUSIC F', 95, '00 5F'),
(22701, 'NEWS TIME ASSAM', 544, '02 20'),
(22702, 'PRAG TV', 545, '02 21'),
(22703, 'TARA TV', 96, '00 60'),
(22704, 'TARA NEWS', 158, '00 9E'),
(22705, 'DD BHARTI', 329, '01 49'),
(22706, 'France 24', 260, '01 04'),
(22707, 'RTR PLANETA', 572, '02 3C'),
(22708, 'MBC', 606, '02 5E'),
(22709, 'STAR MOVIES HD', 320, '01 40'),
(22710, 'PIX HD', 318, '01 3E'),
(22801, 'ROMEDY NOW', 255, '00 FF'),
(22802, 'GEMINI TV', 524, '02 0C'),
(22803, 'UDAY MOVIES', 595, '02 53'),
(22804, 'UDAY TV', 594, '02 52'),
(22805, 'ONKAR ONLY TRUTH', 157, '00 9D'),
(22806, 'GEMINI MUSIC', 589, '02 4D'),
(22807, 'SUN MUSIC', 603, '02 5B'),
(22808, 'ZEE ANMOL', 60, '00 3C'),
(22809, 'AND PICTURES', 7, '00 07'),
(22810, 'ARIHANT TV', 379, '01 7B'),
(22811, 'JINVANI', 380, '01 7C'),
(22812, 'SONY MAX2', 5, '00 05'),
(22813, 'ASIANET MOVIES', 480, '01 E0'),
(22901, 'EURONEWS', 265, '01 09'),
(22902, 'MAHAMOVIE', 644, '02 84'),
(22904, 'TIME TV', 244, '00 F4'),
(22905, 'MAA TV', 519, '02 07'),
(22906, 'INDIA NEWS', 245, '00 F5'),
(22907, 'RUSSIA TODAY', 266, '01 0A'),
(22908, 'SAMPARK BANGLA', 116, '00 74'),
(22909, 'KAATYAYANI', 397, '01 8D'),
(22910, 'ODISHA TV', 495, '01 EF'),
(22911, 'PARAS TV', 398, '01 8E'),
(22912, 'DABANGG', 59, '00 3B'),
(22913, 'DW-TV', 267, '01 0B'),
(22914, 'DW-Asien', 268, '01 0C'),
(23001, 'NGC HD', 347, '01 5B'),
(23003, 'NGA HD', 349, '01 5D'),
(23004, 'Fox Life HD', 350, '01 5E'),
(23005, 'Nat Geo Music HD', 479, '01 DF'),
(23006, 'BABY TV HD', 430, '01 AE'),
(23101, 'START WORLD HD', 288, '01 20'),
(23102, 'STAR SPORTS HD1', 142, '00 8E'),
(23103, 'STAR GOLD HD', 40, '00 28'),
(23104, 'STAR PLUS HD', 80, '00 50'),
(23105, 'STAR SPORTS HD2', 143, '00 8F'),
(23106, 'TEN HD', 144, '00 90'),
(23201, 'FASHION TV HD', 626, '02 72'),
(23202, 'EKATTOR HD', 628, '02 74'),
(23203, 'TRACE SPORTS HD', 624, '02 70'),
(23204, 'NG Wild HD', 348, '01 5C'),
(23205, 'NHK WORLD HD', 629, '02 75'),
(23206, 'LIFE OK HD', 79, '00 4F'),
(23207, 'HISTORY TV HD', 345, '01 59'),
(23208, 'CNBC TV 18 HD', 205, '00 CD'),
(23301, 'M Tunes HD', 627, '02 73'),
(23302, 'MOVIES NOW HD', 319, '01 3F'),
(23303, 'Gaanbangla HD', 124, '00 7C'),
(23304, 'COLORS HD', 76, '00 4C'),
(23305, 'SUVARNA PLUS', 485, '01 E5'),
(23306, 'SIX HD', 145, '00 91'),
(23401, 'DISCOVERY HD WORLD', 346, '01 5A'),
(23402, 'COLORS INFINITY HD', 287, '01 1F'),
(23403, 'MAX HD', 78, '00 4E'),
(23404, 'ZEE CINEMA HD', 39, '00 27'),
(23501, 'AND PICTURES HD', 75, '00 4B'),
(23502, 'EPIC HD', 77, '00 4D'),
(23503, 'Star Jalsha HD', 106, '00 6A'),
(23504, 'Jalsha Movies HD', 118, '00 76'),
(23505, 'ZEE STUDIO HD', 317, '01 3D'),
(23506, 'STAR SPORTS 3 HD', 140, '00 8C'),
(23601, 'UDAY COMEDY ', 593, '02 51'),
(23602, 'CHINTU TV', 591, '02 4F'),
(23603, 'GEMINI LIFE', 588, '02 4C'),
(23604, 'SURYA TV', 532, '02 14'),
(23605, 'KOCHU TV', 536, '02 18'),
(23606, 'GEMINI COMEDY', 522, '02 0A'),
(23607, 'UDAYA NEWS', 592, '02 50'),
(23608, 'CHUTTI TV', 585, '02 49'),
(23701, 'KHUSHI TV', 529, '02 11'),
(23702, 'ADITHYA TV', 583, '02 47'),
(23703, 'JAYA MAX', 596, '02 54'),
(23704, 'JAYA PLUS', 597, '02 55'),
(23705, 'K TV', 575, '02 3F'),
(23706, 'SURYA MUSIC', 537, '02 19'),
(23707, 'KIRAN TV', 531, '02 13'),
(23708, 'JAYA MOVIE', 598, '02 56'),
(23801, 'DARSHAN 24', 634, '02 7A'),
(23802, 'R-VISION', 635, '02 7B'),
(23804, 'JONACK', 636, '02 7C'),
(23805, 'HOUSEFULL MOVIES', 637, '02 7D'),
(23806, 'MAHUA PLUS', 638, '02 7E'),
(23807, 'MAIBOLI', 639, '02 7F'),
(23808, 'MULTIPLEX', 640, '02 80'),
(23809, 'LI NEWS', 641, '02 81'),
(23810, 'KALINGA TV', 642, '02 82'),
(23811, 'DHAMAAL', 643, '02 83'),
(23901, 'MAHA MOVIE', 21, '00 15'),
(23902, 'OM BANGLA', 645, '02 85'),
(23903, 'TV9 GUJRATI', 646, '02 86'),
(23904, 'SANGEET MARATHI', 647, '02 87'),
(23905, 'SAMACHAR PLUS', 648, '02 88'),
(23906, 'PRATIDIN TIMES', 649, '02 89'),
(23907, 'MU-ODIA', 655, '02 8F'),
(23908, 'SHALOM TV', 656, '02 90'),
(23909, 'SADHANA', 657, '02 91'),
(23910, 'INSYNC', 658, '02 92'),
(23911, 'BANSAL', 659, '02 93');

-- --------------------------------------------------------

--
-- Table structure for table `lcn_tb`
--

CREATE TABLE `lcn_tb` (
  `lcn` int(5) NOT NULL,
  `genre` varchar(255) NOT NULL,
  `lcnhex` varchar(255) NOT NULL
) ENGINE=InnoDB DEFAULT CHARSET=latin1;

--
-- Dumping data for table `lcn_tb`
--

INSERT INTO `lcn_tb` (`lcn`, `genre`, `lcnhex`) VALUES
(1, 'MOVIES (HINDI)', '00 01'),
(2, 'MOVIES (HINDI)', '00 02'),
(3, 'MOVIES (HINDI)', '00 03'),
(4, 'MOVIES (HINDI)', '00 04'),
(5, 'MOVIES (HINDI)', '00 05'),
(6, 'MOVIES (HINDI)', '00 06'),
(7, 'MOVIES (HINDI)', '00 07'),
(8, 'MOVIES (HINDI)', '00 08'),
(9, 'MOVIES (HINDI)', '00 09'),
(10, 'MOVIES (HINDI)', '00 0A'),
(11, 'MOVIES (HINDI)', '00 0B'),
(12, 'MOVIES (HINDI)', '00 0C'),
(13, 'MOVIES (HINDI)', '00 0D'),
(14, 'MOVIES (HINDI)', '00 0E'),
(15, 'MOVIES (HINDI)', '00 0F'),
(16, 'MOVIES (HINDI)', '00 10'),
(17, 'MOVIES (HINDI)', '00 11'),
(18, 'MOVIES (HINDI)', '00 12'),
(19, 'MOVIES (HINDI)', '00 13'),
(20, 'MOVIES (HINDI)', '00 14'),
(21, 'MOVIES (HINDI)', '00 15'),
(22, 'MOVIES (HINDI)', '00 16'),
(23, 'MOVIES (HINDI)', '00 17'),
(24, 'MOVIES (HINDI)', '00 18'),
(25, 'MOVIES (HINDI)', '00 19'),
(26, 'MOVIES (HINDI)', '00 1A'),
(27, 'MOVIES (HINDI)', '00 1B'),
(28, 'MOVIES (HINDI)', '00 1C'),
(29, 'MOVIES (HINDI)', '00 1D'),
(30, 'MOVIES (HINDI)', '00 1E'),
(31, 'MOVIES (HINDI)', '00 1F'),
(32, 'MOVIES (HINDI)', '00 20'),
(33, 'MOVIES (HINDI)', '00 21'),
(34, 'MOVIES (HINDI)', '00 22'),
(35, 'MOVIES (HINDI)', '00 23'),
(36, 'MOVIES (HINDI)', '00 24'),
(37, 'MOVIES (HINDI)', '00 25'),
(38, 'MOVIES (HINDI)', '00 26'),
(39, 'MOVIES (HINDI)', '00 27'),
(40, 'MOVIES (HINDI)', '00 28'),
(41, 'GENERAL ENTERTAINMENT (HINDI)', '00 29'),
(42, 'GENERAL ENTERTAINMENT (HINDI)', '00 2A'),
(43, 'GENERAL ENTERTAINMENT (HINDI)', '00 2B'),
(44, 'GENERAL ENTERTAINMENT (HINDI)', '00 2C'),
(45, 'GENERAL ENTERTAINMENT (HINDI)', '00 2D'),
(46, 'GENERAL ENTERTAINMENT (HINDI)', '00 2E'),
(47, 'GENERAL ENTERTAINMENT (HINDI)', '00 2F'),
(48, 'GENERAL ENTERTAINMENT (HINDI)', '00 30'),
(49, 'GENERAL ENTERTAINMENT (HINDI)', '00 31'),
(50, 'GENERAL ENTERTAINMENT (HINDI)', '00 32'),
(51, 'GENERAL ENTERTAINMENT (HINDI)', '00 33'),
(52, 'GENERAL ENTERTAINMENT (HINDI)', '00 34'),
(53, 'GENERAL ENTERTAINMENT (HINDI)', '00 35'),
(54, 'GENERAL ENTERTAINMENT (HINDI)', '00 36'),
(55, 'GENERAL ENTERTAINMENT (HINDI)', '00 37'),
(56, 'GENERAL ENTERTAINMENT (HINDI)', '00 38'),
(57, 'GENERAL ENTERTAINMENT (HINDI)', '00 39'),
(58, 'GENERAL ENTERTAINMENT (HINDI)', '00 3A'),
(59, 'GENERAL ENTERTAINMENT (HINDI)', '00 3B'),
(60, 'GENERAL ENTERTAINMENT (HINDI)', '00 3C'),
(61, 'GENERAL ENTERTAINMENT (HINDI)', '00 3D'),
(62, 'GENERAL ENTERTAINMENT (HINDI)', '00 3E'),
(63, 'GENERAL ENTERTAINMENT (HINDI)', '00 3F'),
(64, 'GENERAL ENTERTAINMENT (HINDI)', '00 40'),
(65, 'GENERAL ENTERTAINMENT (HINDI)', '00 41'),
(66, 'GENERAL ENTERTAINMENT (HINDI)', '00 42'),
(67, 'GENERAL ENTERTAINMENT (HINDI)', '00 43'),
(68, 'GENERAL ENTERTAINMENT (HINDI)', '00 44'),
(69, 'GENERAL ENTERTAINMENT (HINDI)', '00 45'),
(70, 'GENERAL ENTERTAINMENT (HINDI)', '00 46'),
(71, 'GENERAL ENTERTAINMENT (HINDI)', '00 47'),
(72, 'GENERAL ENTERTAINMENT (HINDI)', '00 48'),
(73, 'GENERAL ENTERTAINMENT (HINDI)', '00 49'),
(74, 'GENERAL ENTERTAINMENT (HINDI)', '00 4A'),
(75, 'GENERAL ENTERTAINMENT (HINDI)', '00 4B'),
(76, 'GENERAL ENTERTAINMENT (HINDI)', '00 4C'),
(77, 'GENERAL ENTERTAINMENT (HINDI)', '00 4D'),
(78, 'GENERAL ENTERTAINMENT (HINDI)', '00 4E'),
(79, 'GENERAL ENTERTAINMENT (HINDI)', '00 4F'),
(80, 'GENERAL ENTERTAINMENT (HINDI)', '00 50'),
(81, 'GENERAL ENTERTAINMENT (BENGALI)', '00 51'),
(82, 'GENERAL ENTERTAINMENT (BENGALI)', '00 52'),
(83, 'GENERAL ENTERTAINMENT (BENGALI)', '00 53'),
(84, 'GENERAL ENTERTAINMENT (BENGALI)', '00 54'),
(85, 'GENERAL ENTERTAINMENT (BENGALI)', '00 55'),
(86, 'GENERAL ENTERTAINMENT (BENGALI)', '00 56'),
(87, 'GENERAL ENTERTAINMENT (BENGALI)', '00 57'),
(88, 'GENERAL ENTERTAINMENT (BENGALI)', '00 58'),
(89, 'GENERAL ENTERTAINMENT (BENGALI)', '00 59'),
(90, 'GENERAL ENTERTAINMENT (BENGALI)', '00 5A'),
(91, 'GENERAL ENTERTAINMENT (BENGALI)', '00 5B'),
(92, 'GENERAL ENTERTAINMENT (BENGALI)', '00 5C'),
(93, 'GENERAL ENTERTAINMENT (BENGALI)', '00 5D'),
(94, 'GENERAL ENTERTAINMENT (BENGALI)', '00 5E'),
(95, 'GENERAL ENTERTAINMENT (BENGALI)', '00 5F'),
(96, 'GENERAL ENTERTAINMENT (BENGALI)', '00 60'),
(97, 'GENERAL ENTERTAINMENT (BENGALI)', '00 61'),
(98, 'GENERAL ENTERTAINMENT (BENGALI)', '00 62'),
(99, 'GENERAL ENTERTAINMENT (BENGALI)', '00 63'),
(100, 'GENERAL ENTERTAINMENT (BENGALI)', '00 64'),
(101, 'GENERAL ENTERTAINMENT (BENGALI)', '00 65'),
(102, 'GENERAL ENTERTAINMENT (BENGALI)', '00 66'),
(103, 'GENERAL ENTERTAINMENT (BENGALI)', '00 67'),
(104, 'GENERAL ENTERTAINMENT (BENGALI)', '00 68'),
(105, 'GENERAL ENTERTAINMENT (BENGALI)', '00 69'),
(106, 'GENERAL ENTERTAINMENT (BENGALI)', '00 6A'),
(107, 'GENERAL ENTERTAINMENT (BENGALI)', '00 6B'),
(108, 'GENERAL ENTERTAINMENT (BENGALI)', '00 6C'),
(109, 'GENERAL ENTERTAINMENT (BENGALI)', '00 6D'),
(110, 'GENERAL ENTERTAINMENT (BENGALI)', '00 6E'),
(111, 'MOVIES (BENGALI)', '00 6F'),
(112, 'MOVIES (BENGALI)', '00 70'),
(113, 'MOVIES (BENGALI)', '00 71'),
(114, 'MOVIES (BENGALI)', '00 72'),
(115, 'MOVIES (BENGALI)', '00 73'),
(116, 'MOVIES (BENGALI)', '00 74'),
(117, 'MOVIES (BENGALI)', '00 75'),
(118, 'MOVIES (BENGALI)', '00 76'),
(119, 'MOVIES (BENGALI)', '00 77'),
(120, 'MOVIES (BENGALI)', '00 78'),
(121, 'GENERAL ENTERTAINMENT (BENGALI)', '00 79'),
(122, 'GENERAL ENTERTAINMENT (BENGALI)', '00 7A'),
(123, 'GENERAL ENTERTAINMENT (BENGALI)', '00 7B'),
(124, 'GENERAL ENTERTAINMENT (BENGALI)', '00 7C'),
(125, 'GENERAL ENTERTAINMENT (BENGALI)', '00 7D'),
(126, 'SPORTS', '00 7E'),
(127, 'SPORTS', '00 7F'),
(128, 'SPORTS', '00 80'),
(129, 'SPORTS', '00 81'),
(130, 'SPORTS', '00 82'),
(131, 'SPORTS', '00 83'),
(132, 'SPORTS', '00 84'),
(133, 'SPORTS', '00 85'),
(134, 'SPORTS', '00 86'),
(135, 'SPORTS', '00 87'),
(136, 'SPORTS', '00 88'),
(137, 'SPORTS', '00 89'),
(138, 'SPORTS', '00 8A'),
(139, 'SPORTS', '00 8B'),
(140, 'SPORTS', '00 8C'),
(141, 'SPORTS', '00 8D'),
(142, 'SPORTS', '00 8E'),
(143, 'SPORTS', '00 8F'),
(144, 'SPORTS', '00 90'),
(145, 'SPORTS', '00 91'),
(146, 'NEWS (BENGALI)', '00 92'),
(147, 'NEWS (BENGALI)', '00 93'),
(148, 'NEWS (BENGALI)', '00 94'),
(149, 'NEWS (BENGALI)', '00 95'),
(150, 'NEWS (BENGALI)', '00 96'),
(151, 'NEWS (BENGALI)', '00 97'),
(152, 'NEWS (BENGALI)', '00 98'),
(153, 'NEWS (BENGALI)', '00 99'),
(154, 'NEWS (BENGALI)', '00 9A'),
(155, 'NEWS (BENGALI)', '00 9B'),
(156, 'NEWS (BENGALI)', '00 9C'),
(157, 'NEWS (BENGALI)', '00 9D'),
(158, 'NEWS (BENGALI)', '00 9E'),
(159, 'NEWS (BENGALI)', '00 9F'),
(160, 'NEWS (BENGALI)', '00 A0'),
(161, 'NEWS (BENGALI)', '00 A1'),
(162, 'NEWS (BENGALI)', '00 A2'),
(163, 'NEWS (BENGALI)', '00 A3'),
(164, 'NEWS (BENGALI)', '00 A4'),
(165, 'NEWS (BENGALI)', '00 A5'),
(166, 'NEWS (ENGLISH)', '00 A6'),
(167, 'NEWS (ENGLISH)', '00 A7'),
(168, 'NEWS (ENGLISH)', '00 A8'),
(169, 'NEWS (ENGLISH)', '00 A9'),
(170, 'NEWS (ENGLISH)', '00 AA'),
(171, 'NEWS (ENGLISH)', '00 AB'),
(172, 'NEWS (ENGLISH)', '00 AC'),
(173, 'NEWS (ENGLISH)', '00 AD'),
(174, 'NEWS (ENGLISH)', '00 AE'),
(175, 'NEWS (ENGLISH)', '00 AF'),
(176, 'NEWS (ENGLISH)', '00 B0'),
(177, 'NEWS (ENGLISH)', '00 B1'),
(178, 'NEWS (ENGLISH)', '00 B2'),
(179, 'NEWS (ENGLISH)', '00 B3'),
(180, 'NEWS (ENGLISH)', '00 B4'),
(181, 'NEWS (ENGLISH)', '00 B5'),
(182, 'NEWS (ENGLISH)', '00 B6'),
(183, 'NEWS (ENGLISH)', '00 B7'),
(184, 'NEWS (ENGLISH)', '00 B8'),
(185, 'NEWS (ENGLISH)', '00 B9'),
(186, 'NEWS (ENGLISH)', '00 BA'),
(187, 'NEWS (ENGLISH)', '00 BB'),
(188, 'NEWS (ENGLISH)', '00 BC'),
(189, 'NEWS (ENGLISH)', '00 BD'),
(190, 'NEWS (ENGLISH)', '00 BE'),
(191, 'NEWS (ENGLISH)', '00 BF'),
(192, 'NEWS (ENGLISH)', '00 C0'),
(193, 'NEWS (ENGLISH)', '00 C1'),
(194, 'NEWS (ENGLISH)', '00 C2'),
(195, 'NEWS (ENGLISH)', '00 C3'),
(196, 'NEWS (ENGLISH)', '00 C4'),
(197, 'NEWS (ENGLISH)', '00 C5'),
(198, 'NEWS (ENGLISH)', '00 C6'),
(199, 'NEWS (ENGLISH)', '00 C7'),
(200, 'NEWS (ENGLISH)', '00 C8'),
(201, 'NEWS (ENGLISH)', '00 C9'),
(202, 'NEWS (ENGLISH)', '00 CA'),
(203, 'NEWS (ENGLISH)', '00 CB'),
(204, 'NEWS (ENGLISH)', '00 CC'),
(205, 'NEWS (ENGLISH)', '00 CD'),
(206, 'BUSINESS NEWS ', '00 CE'),
(207, 'BUSINESS NEWS ', '00 CF'),
(208, 'BUSINESS NEWS ', '00 D0'),
(209, 'BUSINESS NEWS ', '00 D1'),
(210, 'BUSINESS NEWS ', '00 D2'),
(211, 'BUSINESS NEWS ', '00 D3'),
(212, 'BUSINESS NEWS ', '00 D4'),
(213, 'BUSINESS NEWS ', '00 D5'),
(214, 'BUSINESS NEWS ', '00 D6'),
(215, 'BUSINESS NEWS ', '00 D7'),
(216, 'BUSINESS NEWS ', '00 D8'),
(217, 'BUSINESS NEWS ', '00 D9'),
(218, 'BUSINESS NEWS ', '00 DA'),
(219, 'BUSINESS NEWS ', '00 DB'),
(220, 'BUSINESS NEWS ', '00 DC'),
(221, 'NEWS (HINDI)', '00 DD'),
(222, 'NEWS (HINDI)', '00 DE'),
(223, 'NEWS (HINDI)', '00 DF'),
(224, 'NEWS (HINDI)', '00 E0'),
(225, 'NEWS (HINDI)', '00 E1'),
(226, 'NEWS (HINDI)', '00 E2'),
(227, 'NEWS (HINDI)', '00 E3'),
(228, 'NEWS (HINDI)', '00 E4'),
(229, 'NEWS (HINDI)', '00 E5'),
(230, 'NEWS (HINDI)', '00 E6'),
(231, 'NEWS (HINDI)', '00 E7'),
(232, 'NEWS (HINDI)', '00 E8'),
(233, 'NEWS (HINDI)', '00 E9'),
(234, 'NEWS (HINDI)', '00 EA'),
(235, 'NEWS (HINDI)', '00 EB'),
(236, 'NEWS (HINDI)', '00 EC'),
(237, 'NEWS (HINDI)', '00 ED'),
(238, 'NEWS (HINDI)', '00 EE'),
(239, 'NEWS (HINDI)', '00 EF'),
(240, 'NEWS (HINDI)', '00 F0'),
(241, 'NEWS (HINDI)', '00 F1'),
(242, 'NEWS (HINDI)', '00 F2'),
(243, 'NEWS (HINDI)', '00 F3'),
(244, 'NEWS (HINDI)', '00 F4'),
(245, 'NEWS (HINDI)', '00 F5'),
(246, 'NEWS (HINDI)', '00 F6'),
(247, 'NEWS (HINDI)', '00 F7'),
(248, 'NEWS (HINDI)', '00 F8'),
(249, 'NEWS (HINDI)', '00 F9'),
(250, 'GENERAL ENTERTAINMENT (ENGLISH)', '00 FA'),
(251, 'GENERAL ENTERTAINMENT (ENGLISH)', '00 FB'),
(252, 'GENERAL ENTERTAINMENT (ENGLISH)', '00 FC'),
(253, 'GENERAL ENTERTAINMENT (ENGLISH)', '00 FD'),
(254, 'GENERAL ENTERTAINMENT (ENGLISH)', '00 FE'),
(255, 'GENERAL ENTERTAINMENT (ENGLISH)', '00 FF'),
(256, 'GENERAL ENTERTAINMENT (ENGLISH)', '01 00'),
(257, 'GENERAL ENTERTAINMENT (ENGLISH)', '01 01'),
(258, 'GENERAL ENTERTAINMENT (ENGLISH)', '01 02'),
(259, 'GENERAL ENTERTAINMENT (ENGLISH)', '01 03'),
(260, 'GENERAL ENTERTAINMENT (ENGLISH)', '01 04'),
(261, 'GENERAL ENTERTAINMENT (ENGLISH)', '01 05'),
(262, 'GENERAL ENTERTAINMENT (ENGLISH)', '01 06'),
(263, 'GENERAL ENTERTAINMENT (ENGLISH)', '01 07'),
(264, 'GENERAL ENTERTAINMENT (ENGLISH)', '01 08'),
(265, 'GENERAL ENTERTAINMENT (ENGLISH)', '01 09'),
(266, 'GENERAL ENTERTAINMENT (ENGLISH)', '01 0A'),
(267, 'GENERAL ENTERTAINMENT (ENGLISH)', '01 0B'),
(268, 'GENERAL ENTERTAINMENT (ENGLISH)', '01 0C'),
(269, 'GENERAL ENTERTAINMENT (ENGLISH)', '01 0D'),
(270, 'GENERAL ENTERTAINMENT (ENGLISH)', '01 0E'),
(271, 'GENERAL ENTERTAINMENT (ENGLISH)', '01 0F'),
(272, 'GENERAL ENTERTAINMENT (ENGLISH)', '01 10'),
(273, 'GENERAL ENTERTAINMENT (ENGLISH)', '01 11'),
(274, 'GENERAL ENTERTAINMENT (ENGLISH)', '01 12'),
(275, 'GENERAL ENTERTAINMENT (ENGLISH)', '01 13'),
(276, 'GENERAL ENTERTAINMENT (ENGLISH)', '01 14'),
(277, 'GENERAL ENTERTAINMENT (ENGLISH)', '01 15'),
(278, 'GENERAL ENTERTAINMENT (ENGLISH)', '01 16'),
(279, 'GENERAL ENTERTAINMENT (ENGLISH)', '01 17'),
(280, 'GENERAL ENTERTAINMENT (ENGLISH)', '01 18'),
(281, 'GENERAL ENTERTAINMENT (ENGLISH)', '01 19'),
(282, 'GENERAL ENTERTAINMENT (ENGLISH)', '01 1A'),
(283, 'GENERAL ENTERTAINMENT (ENGLISH)', '01 1B'),
(284, 'GENERAL ENTERTAINMENT (ENGLISH)', '01 1C'),
(285, 'GENERAL ENTERTAINMENT (ENGLISH)', '01 1D'),
(286, 'GENERAL ENTERTAINMENT (ENGLISH)', '01 1E'),
(287, 'GENERAL ENTERTAINMENT (ENGLISH)', '01 1F'),
(288, 'GENERAL ENTERTAINMENT (ENGLISH)', '01 20'),
(289, 'MOVIES (ENGLISH)', '01 21'),
(290, 'MOVIES (ENGLISH)', '01 22'),
(291, 'MOVIES (ENGLISH)', '01 23'),
(292, 'MOVIES (ENGLISH)', '01 24'),
(293, 'MOVIES (ENGLISH)', '01 25'),
(294, 'MOVIES (ENGLISH)', '01 26'),
(295, 'MOVIES (ENGLISH)', '01 27'),
(296, 'MOVIES (ENGLISH)', '01 28'),
(297, 'MOVIES (ENGLISH)', '01 29'),
(298, 'MOVIES (ENGLISH)', '01 2A'),
(299, 'MOVIES (ENGLISH)', '01 2B'),
(300, 'MOVIES (ENGLISH)', '01 2C'),
(301, 'MOVIES (ENGLISH)', '01 2D'),
(302, 'MOVIES (ENGLISH)', '01 2E'),
(303, 'MOVIES (ENGLISH)', '01 2F'),
(304, 'MOVIES (ENGLISH)', '01 30'),
(305, 'MOVIES (ENGLISH)', '01 31'),
(306, 'MOVIES (ENGLISH)', '01 32'),
(307, 'MOVIES (ENGLISH)', '01 33'),
(308, 'MOVIES (ENGLISH)', '01 34'),
(309, 'MOVIES (ENGLISH)', '01 35'),
(310, 'MOVIES (ENGLISH)', '01 36'),
(311, 'MOVIES (ENGLISH)', '01 37'),
(312, 'MOVIES (ENGLISH)', '01 38'),
(313, 'MOVIES (ENGLISH)', '01 39'),
(314, 'MOVIES (ENGLISH)', '01 3A'),
(315, 'MOVIES (ENGLISH)', '01 3B'),
(316, 'MOVIES (ENGLISH)', '01 3C'),
(317, 'MOVIES (ENGLISH)', '01 3D'),
(318, 'MOVIES (ENGLISH)', '01 3E'),
(319, 'MOVIES (ENGLISH)', '01 3F'),
(320, 'MOVIES (ENGLISH)', '01 40'),
(321, 'INFOTAINMENT', '01 41'),
(322, 'INFOTAINMENT', '01 42'),
(323, 'INFOTAINMENT', '01 43'),
(324, 'INFOTAINMENT', '01 44'),
(325, 'INFOTAINMENT', '01 45'),
(326, 'INFOTAINMENT', '01 46'),
(327, 'INFOTAINMENT', '01 47'),
(328, 'INFOTAINMENT', '01 48'),
(329, 'INFOTAINMENT', '01 49'),
(330, 'INFOTAINMENT', '01 4A'),
(331, 'INFOTAINMENT', '01 4B'),
(332, 'INFOTAINMENT', '01 4C'),
(333, 'INFOTAINMENT', '01 4D'),
(334, 'INFOTAINMENT', '01 4E'),
(335, 'INFOTAINMENT', '01 4F'),
(336, 'INFOTAINMENT', '01 50'),
(337, 'INFOTAINMENT', '01 51'),
(338, 'INFOTAINMENT', '01 52'),
(339, 'INFOTAINMENT', '01 53'),
(340, 'INFOTAINMENT', '01 54'),
(341, 'INFOTAINMENT', '01 55'),
(342, 'INFOTAINMENT', '01 56'),
(343, 'INFOTAINMENT', '01 57'),
(344, 'INFOTAINMENT', '01 58'),
(345, 'INFOTAINMENT', '01 59'),
(346, 'INFOTAINMENT', '01 5A'),
(347, 'INFOTAINMENT', '01 5B'),
(348, 'INFOTAINMENT', '01 5C'),
(349, 'INFOTAINMENT', '01 5D'),
(350, 'INFOTAINMENT', '01 5E'),
(351, 'LIFESTYLE/FASHION', '01 5F'),
(352, 'LIFESTYLE/FASHION', '01 60'),
(353, 'LIFESTYLE/FASHION', '01 61'),
(354, 'LIFESTYLE/FASHION', '01 62'),
(355, 'LIFESTYLE/FASHION', '01 63'),
(356, 'LIFESTYLE/FASHION', '01 64'),
(357, 'LIFESTYLE/FASHION', '01 65'),
(358, 'LIFESTYLE/FASHION', '01 66'),
(359, 'LIFESTYLE/FASHION', '01 67'),
(360, 'LIFESTYLE/FASHION', '01 68'),
(361, 'LIFESTYLE/FASHION', '01 69'),
(362, 'LIFESTYLE/FASHION', '01 6A'),
(363, 'LIFESTYLE/FASHION', '01 6B'),
(364, 'LIFESTYLE/FASHION', '01 6C'),
(365, 'LIFESTYLE/FASHION', '01 6D'),
(366, 'LIFESTYLE/FASHION', '01 6E'),
(367, 'LIFESTYLE/FASHION', '01 6F'),
(368, 'LIFESTYLE/FASHION', '01 70'),
(369, 'LIFESTYLE/FASHION', '01 71'),
(370, 'LIFESTYLE/FASHION', '01 72'),
(371, 'LIFESTYLE/FASHION', '01 73'),
(372, 'LIFESTYLE/FASHION', '01 74'),
(373, 'LIFESTYLE/FASHION', '01 75'),
(374, 'LIFESTYLE/FASHION', '01 76'),
(375, 'LIFESTYLE/FASHION', '01 77'),
(376, 'LIFESTYLE/FASHION', '01 78'),
(377, 'LIFESTYLE/FASHION', '01 79'),
(378, 'LIFESTYLE/FASHION', '01 7A'),
(379, 'DEVOTIONAL', '01 7B'),
(380, 'DEVOTIONAL', '01 7C'),
(381, 'DEVOTIONAL', '01 7D'),
(382, 'DEVOTIONAL', '01 7E'),
(383, 'DEVOTIONAL', '01 7F'),
(384, 'DEVOTIONAL', '01 80'),
(385, 'DEVOTIONAL', '01 81'),
(386, 'DEVOTIONAL', '01 82'),
(387, 'DEVOTIONAL', '01 83'),
(388, 'DEVOTIONAL', '01 84'),
(389, 'DEVOTIONAL', '01 85'),
(390, 'DEVOTIONAL', '01 86'),
(391, 'DEVOTIONAL', '01 87'),
(392, 'DEVOTIONAL', '01 88'),
(393, 'DEVOTIONAL', '01 89'),
(394, 'DEVOTIONAL', '01 8A'),
(395, 'DEVOTIONAL', '01 8B'),
(396, 'DEVOTIONAL', '01 8C'),
(397, 'DEVOTIONAL', '01 8D'),
(398, 'DEVOTIONAL', '01 8E'),
(399, 'DEVOTIONAL', '01 8F'),
(400, 'DEVOTIONAL', '01 90'),
(401, 'KIDS', '01 91'),
(402, 'KIDS', '01 92'),
(403, 'KIDS', '01 93'),
(404, 'KIDS', '01 94'),
(405, 'KIDS', '01 95'),
(406, 'KIDS', '01 96'),
(407, 'KIDS', '01 97'),
(408, 'KIDS', '01 98'),
(409, 'KIDS', '01 99'),
(410, 'KIDS', '01 9A'),
(411, 'KIDS', '01 9B'),
(412, 'KIDS', '01 9C'),
(413, 'KIDS', '01 9D'),
(414, 'KIDS', '01 9E'),
(415, 'KIDS', '01 9F'),
(416, 'KIDS', '01 A0'),
(417, 'KIDS', '01 A1'),
(418, 'KIDS', '01 A2'),
(419, 'KIDS', '01 A3'),
(420, 'KIDS', '01 A4'),
(421, 'KIDS', '01 A5'),
(422, 'KIDS', '01 A6'),
(423, 'KIDS', '01 A7'),
(424, 'KIDS', '01 A8'),
(425, 'KIDS', '01 A9'),
(426, 'KIDS', '01 AA'),
(427, 'KIDS', '01 AB'),
(428, 'KIDS', '01 AC'),
(429, 'KIDS', '01 AD'),
(430, 'KIDS', '01 AE'),
(431, 'MUSIC', '01 AF'),
(432, 'MUSIC', '01 B0'),
(433, 'MUSIC', '01 B1'),
(434, 'MUSIC', '01 B2'),
(435, 'MUSIC', '01 B3'),
(436, 'MUSIC', '01 B4'),
(437, 'MUSIC', '01 B5'),
(438, 'MUSIC', '01 B6'),
(439, 'MUSIC', '01 B7'),
(440, 'MUSIC', '01 B8'),
(441, 'MUSIC', '01 B9'),
(442, 'MUSIC', '01 BA'),
(443, 'MUSIC', '01 BB'),
(444, 'MUSIC', '01 BC'),
(445, 'MUSIC', '01 BD'),
(446, 'MUSIC', '01 BE'),
(447, 'MUSIC', '01 BF'),
(448, 'MUSIC', '01 C0'),
(449, 'MUSIC', '01 C1'),
(450, 'MUSIC', '01 C2'),
(451, 'MUSIC', '01 C3'),
(452, 'MUSIC', '01 C4'),
(453, 'MUSIC', '01 C5'),
(454, 'MUSIC', '01 C6'),
(455, 'MUSIC', '01 C7'),
(456, 'MUSIC', '01 C8'),
(457, 'MUSIC', '01 C9'),
(458, 'MUSIC', '01 CA'),
(459, 'MUSIC', '01 CB'),
(460, 'MUSIC', '01 CC'),
(461, 'MUSIC', '01 CD'),
(462, 'MUSIC', '01 CE'),
(463, 'MUSIC', '01 CF'),
(464, 'MUSIC', '01 D0'),
(465, 'MUSIC', '01 D1'),
(466, 'MUSIC', '01 D2'),
(467, 'MUSIC', '01 D3'),
(468, 'MUSIC', '01 D4'),
(469, 'MUSIC', '01 D5'),
(470, 'MUSIC', '01 D6'),
(471, 'MUSIC', '01 D7'),
(472, 'MUSIC', '01 D8'),
(473, 'MUSIC', '01 D9'),
(474, 'MUSIC', '01 DA'),
(475, 'MUSIC', '01 DB'),
(476, 'MUSIC', '01 DC'),
(477, 'MUSIC', '01 DD'),
(478, 'MUSIC', '01 DE'),
(479, 'MUSIC', '01 DF'),
(480, 'REGIONAL', '01 E0'),
(481, 'REGIONAL', '01 E1'),
(482, 'REGIONAL', '01 E2'),
(483, 'REGIONAL', '01 E3'),
(484, 'REGIONAL', '01 E4'),
(485, 'REGIONAL', '01 E5'),
(486, 'REGIONAL', '01 E6'),
(487, 'REGIONAL', '01 E7'),
(488, 'REGIONAL', '01 E8'),
(489, 'REGIONAL', '01 E9'),
(490, 'REGIONAL', '01 EA'),
(491, 'REGIONAL', '01 EB'),
(492, 'REGIONAL', '01 EC'),
(493, 'REGIONAL', '01 ED'),
(494, 'REGIONAL', '01 EE'),
(495, 'REGIONAL', '01 EF'),
(496, 'REGIONAL', '01 F0'),
(497, 'REGIONAL', '01 F1'),
(498, 'REGIONAL', '01 F2'),
(499, 'REGIONAL', '01 F3'),
(500, 'REGIONAL', '01 F4'),
(501, 'REGIONAL', '01 F5'),
(502, 'REGIONAL', '01 F6'),
(503, 'REGIONAL', '01 F7'),
(504, 'REGIONAL', '01 F8'),
(505, 'REGIONAL', '01 F9'),
(506, 'REGIONAL', '01 FA'),
(507, 'REGIONAL', '01 FB'),
(508, 'REGIONAL', '01 FC'),
(509, 'REGIONAL', '01 FD'),
(510, 'REGIONAL', '01 FE'),
(511, 'REGIONAL', '01 FF'),
(512, 'REGIONAL', '02 00'),
(513, 'REGIONAL', '02 01'),
(514, 'REGIONAL', '02 02'),
(515, 'REGIONAL', '02 03'),
(516, 'REGIONAL', '02 04'),
(517, 'REGIONAL', '02 05'),
(518, 'REGIONAL', '02 06'),
(519, 'REGIONAL', '02 07'),
(520, 'REGIONAL', '02 08'),
(521, 'REGIONAL', '02 09'),
(522, 'REGIONAL', '02 0A'),
(523, 'REGIONAL', '02 0B'),
(524, 'REGIONAL', '02 0C'),
(525, 'REGIONAL', '02 0D'),
(526, 'REGIONAL', '02 0E'),
(527, 'REGIONAL', '02 0F'),
(528, 'REGIONAL', '02 10'),
(529, 'REGIONAL', '02 11'),
(530, 'REGIONAL', '02 12'),
(531, 'REGIONAL', '02 13'),
(532, 'REGIONAL', '02 14'),
(533, 'REGIONAL', '02 15'),
(534, 'REGIONAL', '02 16'),
(535, 'REGIONAL', '02 17'),
(536, 'REGIONAL', '02 18'),
(537, 'REGIONAL', '02 19'),
(538, 'REGIONAL', '02 1A'),
(539, 'REGIONAL', '02 1B'),
(540, 'REGIONAL', '02 1C'),
(541, 'REGIONAL', '02 1D'),
(542, 'REGIONAL', '02 1E'),
(543, 'REGIONAL', '02 1F'),
(544, 'REGIONAL', '02 20'),
(545, 'REGIONAL', '02 21'),
(546, 'REGIONAL', '02 22'),
(547, 'REGIONAL', '02 23'),
(548, 'REGIONAL', '02 24'),
(549, 'REGIONAL', '02 25'),
(550, 'REGIONAL', '02 26'),
(551, 'REGIONAL', '02 27'),
(552, 'REGIONAL', '02 28'),
(553, 'REGIONAL', '02 29'),
(554, 'REGIONAL', '02 2A'),
(555, 'REGIONAL', '02 2B'),
(556, 'REGIONAL', '02 2C'),
(557, 'REGIONAL', '02 2D'),
(558, 'REGIONAL', '02 2E'),
(559, 'REGIONAL', '02 2F'),
(560, 'REGIONAL', '02 30'),
(561, 'REGIONAL', '02 31'),
(562, 'REGIONAL', '02 32'),
(563, 'REGIONAL', '02 33'),
(564, 'REGIONAL', '02 34'),
(565, 'REGIONAL', '02 35'),
(566, 'REGIONAL', '02 36'),
(567, 'REGIONAL', '02 37'),
(568, 'REGIONAL', '02 38'),
(569, 'REGIONAL', '02 39'),
(570, 'REGIONAL', '02 3A'),
(571, 'REGIONAL', '02 3B'),
(572, 'REGIONAL', '02 3C'),
(573, 'REGIONAL', '02 3D'),
(574, 'REGIONAL', '02 3E'),
(575, 'REGIONAL', '02 3F'),
(576, 'REGIONAL', '02 40'),
(577, 'REGIONAL', '02 41'),
(578, 'REGIONAL', '02 42'),
(579, 'REGIONAL', '02 43'),
(580, 'REGIONAL', '02 44'),
(581, 'REGIONAL', '02 45'),
(582, 'REGIONAL', '02 46'),
(583, 'REGIONAL', '02 47'),
(584, 'REGIONAL', '02 48'),
(585, 'REGIONAL', '02 49'),
(586, 'REGIONAL', '02 4A'),
(587, 'REGIONAL', '02 4B'),
(588, 'REGIONAL', '02 4C'),
(589, 'REGIONAL', '02 4D'),
(590, 'REGIONAL', '02 4E'),
(591, 'REGIONAL', '02 4F'),
(592, 'REGIONAL', '02 50'),
(593, 'REGIONAL', '02 51'),
(594, 'REGIONAL', '02 52'),
(595, 'REGIONAL', '02 53'),
(596, 'REGIONAL', '02 54'),
(597, 'REGIONAL', '02 55'),
(598, 'REGIONAL', '02 56'),
(599, 'REGIONAL', '02 57'),
(600, 'REGIONAL', '02 58'),
(601, 'REGIONAL', '02 59'),
(602, 'REGIONAL', '02 5A'),
(603, 'REGIONAL', '02 5B'),
(604, 'REGIONAL', '02 5C'),
(605, 'REGIONAL', '02 5D'),
(606, 'REGIONAL', '02 5E'),
(607, 'REGIONAL', '02 5F'),
(608, 'REGIONAL', '02 60'),
(609, 'REGIONAL', '02 61'),
(610, 'REGIONAL', '02 62'),
(611, 'REGIONAL', '02 63'),
(612, 'REGIONAL', '02 64'),
(613, 'REGIONAL', '02 65'),
(614, 'REGIONAL', '02 66'),
(615, 'REGIONAL', '02 67'),
(616, 'REGIONAL', '02 68'),
(617, 'REGIONAL', '02 69'),
(618, 'REGIONAL', '02 6A'),
(619, 'REGIONAL', '02 6B'),
(620, 'REGIONAL', '02 6C'),
(621, 'REGIONAL', '02 6D'),
(622, 'HD', '02 6E'),
(623, 'HD', '02 6F'),
(624, 'HD', '02 70'),
(625, 'HD', '02 71'),
(626, 'HD', '02 72'),
(627, 'HD', '02 73'),
(628, 'HD', '02 74'),
(629, 'HD', '02 75'),
(630, 'HD', '02 76'),
(631, 'HD', '02 77'),
(632, 'HD', '02 78'),
(633, 'HD', '02 79'),
(634, 'REGIONAL', '02 7A'),
(635, 'REGIONAL', '02 7B'),
(636, 'REGIONAL', '02 7C'),
(637, 'REGIONAL', '02 7D'),
(638, 'REGIONAL', '02 7E'),
(639, 'REGIONAL', '02 7F'),
(640, 'REGIONAL', '02 80'),
(641, 'REGIONAL', '02 81'),
(642, 'REGIONAL', '02 82'),
(643, 'REGIONAL', '02 83'),
(644, 'REGIONAL', '02 84'),
(645, 'REGIONAL', '02 85'),
(646, 'REGIONAL', '02 86'),
(647, 'REGIONAL', '02 87'),
(648, 'REGIONAL', '02 88'),
(649, 'REGIONAL', '02 89'),
(650, 'REGIONAL', '02 8A'),
(651, 'REGIONAL', '02 8B'),
(652, 'REGIONAL', '02 8C'),
(653, 'REGIONAL', '02 8D'),
(654, 'REGIONAL', '02 8E'),
(655, 'REGIONAL', '02 8F'),
(656, 'REGIONAL', '02 90'),
(657, 'REGIONAL', '02 91'),
(658, 'REGIONAL', '02 92'),
(659, 'REGIONAL', '02 93'),
(660, 'REGIONAL', '02 94'),
(661, 'REGIONAL', '02 95'),
(662, 'REGIONAL', '02 96'),
(663, 'REGIONAL', '02 97'),
(664, 'REGIONAL', '02 98'),
(665, 'REGIONAL', '02 99'),
(666, 'REGIONAL', '02 9A'),
(667, 'REGIONAL', '02 9B'),
(668, 'REGIONAL', '02 9C'),
(669, 'REGIONAL', '02 9D'),
(670, 'REGIONAL', '02 9E'),
(671, 'REGIONAL', '02 9F'),
(672, 'REGIONAL', '02 A0'),
(673, 'REGIONAL', '02 A1'),
(674, 'REGIONAL', '02 A2'),
(675, 'REGIONAL', '02 A3'),
(676, 'REGIONAL', '02 A4'),
(677, 'REGIONAL', '02 A5'),
(678, 'REGIONAL', '02 A6'),
(679, 'REGIONAL', '02 A7'),
(680, 'REGIONAL', '02 A8'),
(681, 'REGIONAL', '02 A9'),
(682, 'REGIONAL', '02 AA'),
(683, 'REGIONAL', '02 AB'),
(684, 'REGIONAL', '02 AC'),
(685, 'REGIONAL', '02 AD'),
(686, 'REGIONAL', '02 AE'),
(687, 'REGIONAL', '02 AF'),
(688, 'REGIONAL', '02 B0'),
(689, 'REGIONAL', '02 B1'),
(690, 'REGIONAL', '02 B2'),
(691, 'REGIONAL', '02 B3'),
(692, 'REGIONAL', '02 B4'),
(693, 'REGIONAL', '02 B5'),
(694, 'REGIONAL', '02 B6'),
(695, 'REGIONAL', '02 B7'),
(696, 'REGIONAL', '02 B8'),
(697, 'REGIONAL', '02 B9'),
(1001, 'RADIO', '03 E9'),
(1002, 'RADIO', '03 EA'),
(1003, 'RADIO', '03 EB'),
(1004, 'RADIO', '03 EC'),
(1005, 'RADIO', '03 ED'),
(1006, 'RADIO', '03 EE'),
(1007, 'RADIO', '03 EF'),
(1008, 'RADIO', '03 F0'),
(1009, 'RADIO', '03 F1'),
(1010, 'RADIO', '03 F2'),
(1011, 'RADIO', '03 F3'),
(1012, 'RADIO', '03 F4'),
(1013, 'RADIO', '03 F5'),
(1014, 'RADIO', '03 F6'),
(1015, 'RADIO', '03 F7'),
(1016, 'RADIO', '03 F8'),
(1017, 'RADIO', '03 F9'),
(1018, 'RADIO', '03 FA'),
(1019, 'RADIO', '03 FB'),
(1020, 'RADIO', '03 FC'),
(1021, 'RADIO', '03 FD'),
(1022, 'RADIO', '03 FE'),
(1023, 'RADIO', '03 FF');

-- --------------------------------------------------------

--
-- Table structure for table `sid_tb`
--

CREATE TABLE `sid_tb` (
  `sid` int(8) NOT NULL,
  `ts` int(5) NOT NULL,
  `sidhex` varchar(255) NOT NULL
) ENGINE=InnoDB DEFAULT CHARSET=latin1;

--
-- Dumping data for table `sid_tb`
--

INSERT INTO `sid_tb` (`sid`, `ts`, `sidhex`) VALUES
(10101, 1, '27 75'),
(10105, 1, '27 79'),
(10106, 1, '27 7A'),
(10107, 1, '27 7B'),
(10108, 1, '27 7C'),
(10109, 1, '27 7D'),
(10201, 2, '27 D9'),
(10202, 2, '27 DA'),
(10203, 2, '27 DB'),
(10204, 2, '27 DC'),
(10205, 2, '27 DD'),
(10206, 2, '27 DE'),
(10207, 2, '27 DF'),
(10208, 2, '27 E0'),
(10209, 2, '27 E1'),
(10210, 2, '27 E2'),
(10302, 3, '28 3E'),
(10303, 3, '28 3F'),
(10304, 3, '28 40'),
(10305, 3, '28 41'),
(10306, 3, '28 42'),
(10307, 3, '28 43'),
(10308, 3, '28 44'),
(10309, 3, '28 45'),
(10310, 3, '28 46'),
(10311, 3, '28 47'),
(10701, 7, '29 CD'),
(10702, 7, '29 CE'),
(10703, 7, '29 CF'),
(10704, 7, '29 D0'),
(10705, 7, '29 D1'),
(10706, 7, '29 D2'),
(10707, 7, '29 D3'),
(10708, 7, '29 D4'),
(10709, 7, '29 D5'),
(10710, 7, '29 D6'),
(10711, 7, '29 D7'),
(10712, 7, '29 D8'),
(10801, 8, '2A 31'),
(10802, 8, '2A 32'),
(10803, 8, '2A 33'),
(10804, 8, '2A 34'),
(10805, 8, '2A 35'),
(10806, 8, '2A 36'),
(10807, 8, '2A 37'),
(10808, 8, '2A 38'),
(10809, 8, '2A 39'),
(10810, 8, '2A 3A'),
(10811, 8, '2A 3B'),
(10812, 8, '2A 3C'),
(10813, 8, '2A 3D'),
(10814, 8, '2A 3E'),
(10901, 9, '2A 95'),
(10902, 9, '2A 96'),
(10903, 9, '2A 97'),
(10904, 9, '2A 98'),
(10905, 9, '2A 99'),
(10906, 9, '2A 9A'),
(10907, 9, '2A 9B'),
(10908, 9, '2A 9C'),
(10909, 9, '2A 9D'),
(10910, 9, '2A 9E'),
(10911, 9, '2A 9F'),
(10912, 9, '2A A0'),
(10913, 9, '2A A1'),
(11001, 10, '2A F9'),
(11003, 10, '2A FB'),
(11004, 10, '2A FC'),
(11005, 10, '2A FD'),
(11006, 10, '2A FE'),
(11007, 10, '2A FF'),
(11008, 10, '2B 00'),
(11009, 10, '2B 01'),
(11010, 10, '2B 02'),
(11011, 10, '2B 03'),
(11013, 10, '2B 05'),
(11014, 10, '2B 06'),
(11015, 10, '2B 07'),
(11101, 11, '2B 5D'),
(11102, 11, '2B 5E'),
(11104, 11, '2B 60'),
(11105, 11, '2B 61'),
(11106, 11, '2B 62'),
(11107, 11, '2B 63'),
(11109, 11, '2B 65'),
(11110, 11, '2B 66'),
(11111, 11, '2B 67'),
(11112, 11, '2B 68'),
(11113, 11, '2B 69'),
(11114, 11, '2B 6A'),
(11115, 11, '2B 6B'),
(11116, 11, '2B 6C'),
(11117, 11, '2B 6D'),
(11202, 12, '2B C2'),
(11203, 12, '2B C3'),
(11205, 12, '2B C5'),
(11206, 12, '2B C6'),
(11207, 12, '2B C7'),
(11208, 12, '2B C8'),
(11209, 12, '2B C9'),
(11211, 12, '2B CB'),
(11212, 12, '2B CC'),
(11214, 12, '2B CE'),
(11215, 12, '2B CF'),
(11216, 12, '2B D0'),
(11217, 12, '2B D1'),
(11218, 12, '2B D2'),
(11301, 13, '2C 25'),
(11302, 13, '2C 26'),
(11303, 13, '2C 27'),
(11304, 13, '2C 28'),
(11305, 13, '2C 29'),
(11306, 13, '2C 2A'),
(11307, 13, '2C 2B'),
(11308, 13, '2C 2C'),
(11309, 13, '2C 2D'),
(11310, 13, '2C 2E'),
(11311, 13, '2C 2F'),
(11312, 13, '2C 30'),
(11401, 14, '2C 89'),
(11402, 14, '2C 8A'),
(11403, 14, '2C 8B'),
(11404, 14, '2C 8C'),
(11405, 14, '2C 8D'),
(11406, 14, '2C 8E'),
(11407, 14, '2C 8F'),
(11408, 14, '2C 90'),
(11409, 14, '2C 91'),
(11410, 14, '2C 92'),
(11411, 14, '2C 93'),
(11412, 14, '2C 94'),
(11413, 14, '2C 95'),
(11501, 15, '2C ED'),
(11502, 15, '2C EE'),
(11503, 15, '2C EF'),
(11504, 15, '2C F0'),
(11505, 15, '2C F1'),
(11506, 15, '2C F2'),
(11507, 15, '2C F3'),
(11508, 15, '2C F4'),
(11509, 15, '2C F5'),
(11510, 15, '2C F6'),
(11511, 15, '2C F7'),
(11512, 15, '2C F8'),
(11513, 15, '2C F9'),
(11601, 16, '2D 51'),
(11602, 16, '2D 52'),
(11603, 16, '2D 53'),
(11604, 16, '2D 54'),
(11605, 16, '2D 55'),
(11606, 16, '2D 56'),
(11607, 16, '2D 57'),
(11608, 16, '2D 58'),
(11609, 16, '2D 59'),
(11610, 16, '2D 5A'),
(11611, 16, '2D 5B'),
(11612, 16, '2D 5C'),
(11613, 16, '2D 5D'),
(11614, 16, '2D 5E'),
(11615, 16, '2D 5F'),
(11616, 16, '2D 60'),
(11701, 17, '2D B5'),
(11702, 17, '2D B6'),
(11703, 17, '2D B7'),
(11704, 17, '2D B8'),
(11705, 17, '2D B9'),
(11706, 17, '2D BA'),
(11707, 17, '2D BB'),
(11708, 17, '2D BC'),
(11709, 17, '2D BD'),
(11710, 17, '2D BE'),
(11711, 17, '2D BF'),
(11712, 17, '2D C0'),
(11801, 18, '2E 19'),
(11802, 18, '2E 1A'),
(11803, 18, '2E 1B'),
(11804, 18, '2E 1C'),
(11805, 18, '2E 1D'),
(11806, 18, '2E 1E'),
(11807, 18, '2E 1F'),
(11808, 18, '2E 20'),
(11809, 18, '2E 21'),
(11810, 18, '2E 22'),
(11811, 18, '2E 23'),
(11813, 18, '2E 25'),
(11814, 18, '2E 26'),
(11815, 18, '2E 27'),
(11816, 18, '2E 28'),
(11817, 18, '2E 29'),
(11818, 18, '2E 2A'),
(11819, 18, '2E 2B'),
(11820, 18, '2E 2C'),
(11821, 18, '2E 2D'),
(11822, 18, '2E 2E'),
(11823, 18, '2E 2F'),
(11824, 18, '2E 30'),
(11825, 18, '2E 31'),
(11826, 18, '2E 32'),
(11827, 18, '2E 33'),
(11828, 18, '2E 34'),
(11829, 18, '2E 35'),
(11830, 18, '2E 36'),
(11831, 18, '2E 37'),
(11832, 18, '2E 38'),
(11833, 18, '2E 39'),
(11901, 19, '2E 7D'),
(11902, 19, '2E 7E'),
(11903, 19, '2E 7F'),
(11904, 19, '2E 80'),
(11905, 19, '2E 81'),
(11906, 19, '2E 82'),
(11907, 19, '2E 83'),
(11908, 19, '2E 84'),
(11909, 19, '2E 85'),
(11910, 19, '2E 86'),
(11911, 19, '2E 87'),
(11912, 19, '2E 88'),
(11913, 19, '2E 89'),
(11914, 19, '2E 8A'),
(15001, 50, '3A 99'),
(15003, 50, '3A 9B'),
(15004, 50, '3A 9C'),
(15005, 50, '3A 9D'),
(15006, 50, '3A 9E'),
(15007, 50, '3A 9F'),
(15008, 50, '3A A0'),
(15009, 50, '3A A1'),
(15010, 50, '3A A2'),
(15011, 50, '3A A3'),
(15012, 50, '3A A4'),
(15013, 50, '3A A5'),
(15014, 50, '3A A6'),
(15101, 51, '3A FD'),
(15102, 51, '3A FE'),
(15103, 51, '3A FF'),
(15104, 51, '3B 00'),
(15105, 51, '3B 01'),
(15106, 51, '3B 02'),
(15107, 51, '3B 03'),
(15108, 51, '3B 04'),
(15109, 51, '3B 05'),
(15110, 51, '3B 06'),
(15201, 52, '3B 61'),
(15202, 52, '3B 62'),
(15203, 52, '3B 63'),
(15204, 52, '3B 64'),
(15205, 52, '3B 65'),
(15206, 52, '3B 66'),
(15207, 52, '3B 67'),
(15208, 52, '3B 68'),
(15209, 52, '3B 69'),
(15210, 52, '3B 6A'),
(22001, 20, '55 F1'),
(22003, 20, '55 F3'),
(22004, 20, '55 F4'),
(22005, 20, '55 F5'),
(22006, 20, '55 F6'),
(22007, 20, '55 F7'),
(22008, 20, '55 F8'),
(22009, 20, '55 F9'),
(22010, 20, '55 FA'),
(22011, 20, '55 FB'),
(22012, 20, '55 FC'),
(22013, 20, '55 FD'),
(22101, 21, '56 55'),
(22102, 21, '56 56'),
(22103, 21, '56 57'),
(22104, 21, '56 58'),
(22105, 21, '56 59'),
(22106, 21, '56 5A'),
(22107, 21, '56 5B'),
(22108, 21, '56 5C'),
(22109, 21, '56 5D'),
(22110, 21, '56 5E'),
(22111, 21, '56 5F'),
(22112, 21, '56 60'),
(22113, 21, '56 61'),
(22114, 21, '56 62'),
(22201, 22, '56 B9'),
(22202, 22, '56 BA'),
(22203, 22, '56 BB'),
(22204, 22, '56 BC'),
(22205, 22, '56 BD'),
(22206, 22, '56 BE'),
(22207, 22, '56 BF'),
(22208, 22, '56 C0'),
(22209, 22, '56 C1'),
(22210, 22, '56 C2'),
(22211, 22, '56 C3'),
(22212, 22, '56 C4'),
(22213, 22, '56 C5'),
(22301, 23, '57 1D'),
(22302, 23, '57 1E'),
(22305, 23, '57 21'),
(22306, 23, '57 22'),
(22307, 23, '57 23'),
(22308, 23, '57 24'),
(22309, 23, '57 25'),
(22310, 23, '57 26'),
(22311, 23, '57 27'),
(22312, 23, '57 28'),
(22313, 23, '57 29'),
(22501, 25, '57 E5'),
(22502, 25, '57 E6'),
(22503, 25, '57 E7'),
(22504, 25, '57 E8'),
(22505, 25, '57 E9'),
(22506, 25, '57 EA'),
(22507, 25, '57 EB'),
(22508, 25, '57 EC'),
(22509, 25, '57 ED'),
(22510, 25, '57 EE'),
(22511, 25, '57 EF'),
(22513, 25, '57 F1'),
(22514, 25, '57 F2'),
(22515, 25, '57 F3'),
(22516, 25, '57 F4'),
(22601, 26, '58 49'),
(22602, 26, '58 4A'),
(22603, 26, '58 4B'),
(22604, 26, '58 4C'),
(22605, 26, '58 4D'),
(22606, 26, '58 4E'),
(22607, 26, '58 4F'),
(22608, 26, '58 50'),
(22609, 26, '58 51'),
(22610, 26, '58 52'),
(22611, 26, '58 53'),
(22612, 26, '58 54'),
(22613, 26, '58 55'),
(22701, 27, '58 AD'),
(22702, 27, '58 AE'),
(22703, 27, '58 AF'),
(22704, 27, '58 B0'),
(22705, 27, '58 B1'),
(22706, 27, '58 B2'),
(22707, 27, '58 B3'),
(22708, 27, '58 B4'),
(22709, 27, '58 B5'),
(22710, 27, '58 B6'),
(22801, 28, '59 11'),
(22802, 28, '59 12'),
(22803, 28, '59 13'),
(22804, 28, '59 14'),
(22805, 28, '59 15'),
(22806, 28, '59 16'),
(22807, 28, '59 17'),
(22808, 28, '59 18'),
(22809, 28, '59 19'),
(22810, 28, '59 1A'),
(22811, 28, '59 1B'),
(22812, 28, '59 1C'),
(22813, 28, '59 1D'),
(22901, 29, '59 75'),
(22902, 29, '59 76'),
(22904, 29, '59 78'),
(22905, 29, '59 79'),
(22906, 29, '59 7A'),
(22907, 29, '59 7B'),
(22908, 29, '59 7C'),
(22909, 29, '59 7D'),
(22910, 29, '59 7E'),
(22911, 29, '59 7F'),
(22912, 29, '59 80'),
(22913, 29, '59 81'),
(22914, 29, '59 82'),
(23001, 30, '59 D9'),
(23003, 30, '59 DB'),
(23004, 30, '59 DC'),
(23005, 30, '59 DD'),
(23006, 30, '59 DE'),
(23101, 31, '5A 3D'),
(23102, 31, '5A 3E'),
(23103, 31, '5A 3F'),
(23104, 31, '5A 40'),
(23105, 31, '5A 41'),
(23106, 31, '5A 42'),
(23201, 32, '5A A1'),
(23202, 32, '5A A2'),
(23203, 32, '5A A3'),
(23204, 32, '5A A4'),
(23205, 32, '5A A5'),
(23206, 32, '5A A6'),
(23207, 32, '5A A7'),
(23208, 32, '5A A8'),
(23301, 33, '5B 05'),
(23302, 33, '5B 06'),
(23303, 33, '5B 07'),
(23304, 33, '5B 08'),
(23305, 33, '5B 09'),
(23306, 33, '5B 0A'),
(23401, 34, '5B 69'),
(23402, 34, '5B 6A'),
(23403, 34, '5B 6B'),
(23404, 34, '5B 6C'),
(23501, 35, '5B CD'),
(23502, 35, '5B CE'),
(23503, 35, '5B CF'),
(23504, 35, '5B D0'),
(23505, 35, '5B D1'),
(23506, 35, '5B D2'),
(23601, 36, '5C 31'),
(23602, 36, '5C 32'),
(23603, 36, '5C 33'),
(23604, 36, '5C 34'),
(23605, 36, '5C 35'),
(23606, 36, '5C 36'),
(23607, 36, '5C 37'),
(23608, 36, '5C 38'),
(23701, 37, '5C 95'),
(23702, 37, '5C 96'),
(23703, 37, '5C 97'),
(23704, 37, '5C 98'),
(23705, 37, '5C 99'),
(23706, 37, '5C 9A'),
(23707, 37, '5C 9B'),
(23708, 37, '5C 9C'),
(23801, 38, '5C F9'),
(23802, 38, '5C FA'),
(23804, 38, '5C FC'),
(23805, 38, '5C FD'),
(23806, 38, '5C FE'),
(23807, 38, '5C FF'),
(23808, 38, '5D 00'),
(23809, 38, '5D 01'),
(23810, 38, '5D 02'),
(23811, 38, '5D 03'),
(23901, 39, '5D 5D'),
(23902, 39, '5D 5E'),
(23903, 39, '5D 5F'),
(23904, 39, '5D 60'),
(23905, 39, '5D 61'),
(23906, 39, '5D 62'),
(23907, 39, '5D 63'),
(23908, 39, '5D 64'),
(23909, 39, '5D 65'),
(23910, 39, '5D 66'),
(23911, 39, '5D 67');

--
-- Indexes for dumped tables
--

--
-- Indexes for table `channel_tb`
--
ALTER TABLE `channel_tb`
  ADD PRIMARY KEY (`sid`),
  ADD UNIQUE KEY `sid` (`sid`);

--
-- Indexes for table `lcn_tb`
--
ALTER TABLE `lcn_tb`
  ADD PRIMARY KEY (`lcn`);

--
-- Indexes for table `sid_tb`
--
ALTER TABLE `sid_tb`
  ADD PRIMARY KEY (`sid`);

/*!40101 SET CHARACTER_SET_CLIENT=@OLD_CHARACTER_SET_CLIENT */;
/*!40101 SET CHARACTER_SET_RESULTS=@OLD_CHARACTER_SET_RESULTS */;
/*!40101 SET COLLATION_CONNECTION=@OLD_COLLATION_CONNECTION */;
